Abbie Rivers,CA
Abdullah Crawford,FL
Abigayle Marshall,NY
Abram Gay,CA
Addison Morales,TX
Addisyn Buckley,IL
Addyson Phelps,NV
Adrianna Kirk,IN
Agustin Lowery,WA
Ahmad Vargas,TX
Aidyn Matthews,TX
Aileen Richmond,CA
Aimee Miles,IN
Aisha Mccormick,IN
Akira Brennan,MA
Alannah Mckay,CA
Alex Shepard,CA
Alexander Hayes,IL
Alexzander Luna,TN
Alfonso West,MI
Alice Arroyo,IN
Alicia Wells,OH
Alison Swanson,TX
Alissa Sosa,PA
Amina Ferguson,WA
Amya Hardy,NV
Andres Haynes,FL
Andy Dougherty,TX
Angel Salas,IN
Angelina Walsh,CA
Anne Moses,CA
Antwan Blackwell,IN
April Shepherd,CA
Areli Short,CA
Aria Aguilar,TX
Arielle Stewart,MI
Arturo Galloway,IL
Aryanna Price,CO
Ashley Pittman,TX
Ashlyn Romero,IL
Aspen Russo,WA
Audrina Francis,TN
Augustus Spence,TX
Avery Gross,WA
Ayla Branch,FL
Aylin Wolfe,TX
Baylee Pitts,AZ
Bella Mills,CA
Bianca Haney,MA
Blaine Welch,NV
Blaze Mckenzie,TN
Bradley Hinton,PA
Bradyn Arnold,MA
Brittany Petty,MI
Broderick Adams,TX
Brogan Ho,PA
Brynlee Hanson,OH
Brynn Stein,TN
Caden Hendrix,NV
Calvin Wheeler,TN
Cara Lang,NY
Carl Patterson,TN
Carla Meadows,NV
Case Gonzalez,TN
Celia Rhodes,CA
Chana Lin,MA
Charlie Flowers,CA
Chase Bell,TX
Chaz Kim,NY
Chelsea Sullivan,NY
Christina Chandler,IN
Christine Mcmahon,AZ
Ciara Heath,IN
Clarence Atkinson,CA
Clayton Beltran,CA
Cody Carney,TX
Colby Miranda,MA
Colin Bailey,TX
Cristina Donaldson,NV
Cristofer Holden,TX
Dahlia Huang,IL
Daisy Henderson,CO
Dakota Castro,NY
Dalton Levy,TX
Damari Yates,AZ
Dane Weiss,NY
Danica Harmon,MA
Daniela Quinn,TX
Davion Marsh,CA
Dawson Martin,CA
Dayami Goodman,TX
Dayana Howell,PA
Deacon Marquez,NY
Declan Butler,NV
Dennis Kane,WA
Derick Mathis,MA
Desmond Mcneil,PA
Destinee Pearson,TX
Dillon Allen,TN
Dominic Montoya,CA
Dominick Shea,WA
Donavan Andrews,OH
Eddie Bass,TN
Elaine Mays,FL
Elisa Lawrence,TX
Ellis Pacheco,TX
Emely Maynard,CO
Emilio Gonzales,FL
Emmalee Patton,NV
Erika Hall,NV
Erin Kline,TX
Ernesto Blake,TX
Esmeralda Yu,TN
Ethan Barron,TX
Eve Esparza,CA
Ezequiel Waller,TX
Fiona Berg,CA
Fisher Gray,TN
Francis Riley,IN
Franklin Mclaughlin,CA
Freddy Vasquez,MI
Gary Roberts,TX
Geovanni Dunlap,CA
German Barker,TX
Giada Bender,TX
Gilberto Craig,MI
Grace Logan,CA
Griffin Wilkinson,TX
Gustavo Sherman,TX
Hadassah Little,CA
Halle Blanchard,CA
Harper Glass,TX
Helena Kelley,TX
Hillary Wyatt,CA
Ingrid Blair,WA
Ireland Schmitt,PA
Irvin Rosales,IL
Isaac Edwards,NY
Isabella Barnett,IL
Isaiah Hess,WA
Israel Rios,CO
Issac Stark,TX
Itzel Young,TX
Jacey Page,TX
Jacquelyn Williamson,CA
Jada Sharp,MI
Jadon Huerta,AZ
Jaidyn Williams,CO
Jamal Norton,TX
Jamari Hardin,PA
Jamarion Farmer,CA
James Sloan,TN
Janiah Davidson,CA
Jaron Duarte,TX
Jaslyn Ross,WA
Javon Rasmussen,OH
Jaxon Christensen,PA
Jaylee Burton,TX
Jaylen Mcpherson,CA
Jaylene Strong,TX
Jaylin Reynolds,MI
Jaylyn Allison,PA
Jazmine Burke,CA
Jazmyn Alvarez,OH
Jeremiah Hanna,NV
Jerome Jarvis,AZ
Jett Walters,NC
Jimmy Wilson,WA
Joe Norris,TX
Joselyn Garcia,CA
Josue Carrillo,PA
Jovan Benson,TX
Jovanny Mccoy,AZ
Julianna Harvey,CO
Justice Oneill,TN
Kade Blackburn,NY
Kadence Ware,IN
Kadin Wise,WA
Kaila Bray,PA
Kailee Stanley,IL
Kaiya Cowan,CA
Kale Reese,IN
Kamari Bradford,NV
Kameron Chung,MA
Kamron Rocha,TX
Kane Rice,CO
Kareem Warner,NV
Karen Everett,IN
Karli Owens,WA
Karsyn Beasley,FL
Kasen Washington,WA
Kason Harding,OH
Kate Alexander,MA
Kaydence Mccann,OH
Kaylen Curtis,MI
Kaylie Paul,IL
Kellen Villa,AZ
Kelsie Fernandez,OH
Kelton Kelly,CO
Kendal Bridges,NY
Kendall Sheppard,WA
Kennedi Stone,CA
Kenny Reyes,NY
Keon Doyle,AZ
Keyon Ayala,WA
Kiara Mendez,TX
Kieran Pierce,TX
Kierra Lamb,WA
Kimberly Moran,OH
Kobe Cummings,TX
Kolby Sexton,NY
Kole Freeman,CA
Konnor Melton,TN
Kristian Valentine,TN
Kristina Powell,TX
Kylee Larsen,CA
Kyleigh Mercado,WA
Laila Bartlett,NC
Lance Morrow,MA
Landin Peters,FL
Landyn Mann,IL
Lauryn Brock,CO
Layton Todd,CA
Lee Reid,TN
Leila Riddle,TX
Lena Benitez,TN
Lexi Patrick,PA
Liana Shields,WA
Lina Owen,WA
Logan Klein,FL
Londyn Phillips,NV
Lucas Caldwell,TX
Lucy Guzman,AZ
Luis Ward,CA
Macy Kennedy,TX
Maddox Vang,TN
Madison Stanton,MA
Magdalena Becker,NY
Maggie Horn,TN
Makai Herrera,TX
Makhi Figueroa,CA
Malaki Rose,MI
Manuel Davis,WA
Maren Humphrey,CA
Maria Brandt,FL
Mariela Middleton,TX
Marisa Burns,PA
Markus Koch,TX
Marlene Gibbs,CA
Marley Gregory,CO
Marlie Frank,IL
Mathias Mosley,CA
Mattie Sweeney,TX
Mauricio Saunders,IN
Maximilian Frey,IN
Maximillian Merritt,IL
Micaela Brady,IL
Micah Coffey,AZ
Mohamed Solis,MA
Monserrat Holland,IL
Moshe Navarro,TX
Mya Macdonald,TX
Myah Clarke,MA
Natalia Tanner,OH
Natalya Shannon,WA
Nathaly Hughes,CA
Neveah Kirby,NY
Nikolas Barrera,TX
Nola Lynn,MI
Nolan Tucker,MI
Olivia Goodwin,CA
Orion Wolf,AZ
Paisley Sawyer,AZ
Paityn Krause,CA
Paloma Michael,WA
Paula Levine,TX
Payton Carson,PA
Pedro Herman,IL
Penelope Fletcher,TX
Perla Anderson,MI
Peter Stuart,CO
Quinten Joseph,TX
Rachael Mcclure,OH
Raelynn Wright,WA
Rafael Shaw,CA
Raiden Walter,CA
Ramon Morgan,TX
Raphael Cuevas,TX
Raul Davies,CO
Rey Espinoza,CA
Ricky Mcintosh,TX
River Gibson,IL
Robert Cline,CA
Rocco Mcdonald,NC
Rogelio Baird,NC
Roger Serrano,MI
Romeo Odonnell,IN
Ronald Hawkins,TX
Ronan Cole,AZ
Rowan Soto,NC
Royce Thomas,NV
Ruth Garrison,MI
Ryland Spears,NV
Salma Mccarty,CA
Sammy Cobb,TX
Sanai Porter,NV
Savanna Love,TX
Scott Leblanc,TX
Sean Lane,NY
Serenity Cabrera,WA
Shea Duffy,TX
Sierra Small,NV
Simeon Kramer,NC
Simone Bradley,CO
Skyler Patel,CA
Slade Randall,NV
Sonny Lynch,IN
Soren Lambert,TX
Susan Carlson,TX
Tabitha Abbott,TX
Tania Finley,MI
Tate Vance,CA
Tiara Fox,CO
Tiffany Baker,NV
Tomas Barajas,IN
Trent Sanchez,TN
Trinity Roberson,IN
Tripp Mcgrath,CA
Tristin Hobbs,IL
Triston Ryan,OH
Turner Osborn,NY
Tyrell Woods,MI
Tyrone Terrell,NV
Valerie Hernandez,TX
Vance Copeland,WA
Vaughn Holt,TX
Viviana Rubio,NV
Wade Rosario,TX
Winston Daniels,WA
Wyatt Benjamin,CA
Xavier Cervantes,IL
Yamilet Thornton,FL
Yosef Christian,IL
Yuliana Webster,TN
Zachary Castaneda,WA
Zack Whitaker,CA
Zain Stevenson,PA
Zaire Wilcox,TX
Zander Kemp,AZ
Zaniyah Sanford,FL
