Coors Light,21st Amendment Brewery
Budweiser,Four Peaks Brewing Co
Miller Lite,Stevens Point Brewery Co
Corona,Long Trail Brewing Co
Michelob Ultra,Brooklyn Brewery
Modelo Especial,Harpoon Brewery
Natural Light,21st Amendment Brewery
Busch,Stevens Point Brewery Co
Heineken,Flying Dog Brewery
Keystone Light,Summit Brewing Co
Stella Artois,Oskar Blues Brewing Holding Co
Pabst Blue Ribbon,Green Flash Brewing Co
Yuengling Lager,Stevens Point Brewery Co
Blue Moon,Odell Brewing Co
Dos Equis,Lagunitas Brewing Co
Steel Reserve,Harpoon Brewery
Icehouse,"Bell's Brewery, Inc"
Guinness,Summit Brewing Co
Victory,Stevens Point Brewery Co
Delirium,Gambrinus
Dogfish Head,Four Peaks Brewing Co
Leinenkugels,Rogue Ales Brewery
Old Milwaukee,21st Amendment Brewery
Old Style,Abita Brewing Co
Hamm's,Firestone Walker Brewing Co
Schlitz,Summit Brewing Co
New Belgium,Dogfish Head Craft Brewery
River Horse,Alaskan Brewing Co
Goose Island,Narragansett Brewing Co
Elysian,Sierra Nevada Brewing Co
Landshark,North Coast Brewing Co
Stone Brewing Co.,Boston Beer Co
Sierra Nevada,Ballast Point Brewing & Spirits
Ballast Point,New Belgium Brewing Co
Lagunitas,Boston Beer Co
Brooklyn Brewery,Breckenridge Brewery
Tree House,Boston Beer Co
Firestone Walker,Stevens Point Brewery Co
Bravus,Revolution Brewing Co
