Aaron Rogers,Landshark
Aaron Rogers,Sierra Nevada
Aaron Rogers,Bud Light
Abbey Ellis,Bud Light
Abbey Ellis,Lagunitas
Abraham Preston,Icehouse
Abraham Preston,Michelob Ultra
Ace Giles,Goose Island
Ace Giles,Delirium
Ace Giles,Landshark
Ace Giles,New Belgium
Ada Nichols,Icehouse
Ada Nichols,Goose Island
Ada Nichols,Ballast Point
Ada Nichols,Stone Brewing Co.
Adalyn Goodwin,Firestone Walker
Adalyn Goodwin,Busch
Adalyn Goodwin,Yuengling Lager
Adalynn Austin,Dogfish Head
Adalynn Austin,Victory
Adalynn Austin,Pabst Blue Ribbon
Adalynn Austin,New Belgium
Adan Dorsey,Old Style
Adan Dorsey,Budweiser
Addisyn Dominguez,Schlitz
Adelaide Little,Natural Light
Adeline Durham,Firestone Walker
Adeline Durham,Natural Light
Adeline Durham,Miller Lite
Adeline Durham,Blue Moon
Adelyn May,Heineken
Adelyn May,Landshark
Adelyn May,Bravus
Adelyn May,Steel Reserve
Aden Oneal,Steel Reserve
Aden Oneal,Schlitz
Aden Oneal,Bud Light
Adison Pineda,Modelo Especial
Aditya Hampton,Keystone Light
Adolfo Summers,Delirium
Adolfo Summers,Ballast Point
Adonis Fernandez,Yuengling Lager
Adonis Fernandez,Natural Light
Adonis Fernandez,Keystone Light
Adriel Powers,Old Milwaukee
Adriel Powers,Bud Light
Adyson Sanders,Brooklyn Brewery
Adyson Sanders,Delirium
Adyson Sanders,Hamm's
Agustin Carter,Blue Moon
Ahmad Blanchard,Busch
Ahmad Blanchard,Dogfish Head
Ahmad Blanchard,Dogfish Head
Ahmed Cohen,Modelo Especial
Ahmed Cohen,Busch
Aidan Dean,Schlitz
Aidan Dean,Goose Island
Aidan Dean,Old Style
Aidan Dean,Bud Light
Aidyn Coffey,Blue Moon
Aidyn Coffey,Natural Light
Aidyn Coffey,Hamm's
Aileen Dalton,Elysian
Aimee Walter,Bravus
Aimee Walter,Sierra Nevada
Aimee Walter,Coors Light
Aimee Walter,Blue Moon
Alan Reed,Icehouse
Alan Reed,Sierra Nevada
Aldo Carrillo,Lagunitas
Aldo Carrillo,Busch
Alejandra Yu,Steel Reserve
Alessandra Combs,Stella Artois
Alessandra Combs,Delirium
Alessandro Potter,Michelob Ultra
Alessandro Potter,Victory
Alexa Ferrell,Corona
Alexa Ferrell,Ballast Point
Alexander Schmidt,Hamm's
Alexander Schmidt,Natural Light
Alexander Schmidt,River Horse
Alexander Schmidt,Delirium
Alexis Stevenson,Dogfish Head
Alexis Stevenson,Dogfish Head
Alexis Stevenson,Coors Light
Alexis Stevenson,Bravus
Alexzander Spencer,Leinenkugels
Alexzander Spencer,Dos Equis
Alexzander Spencer,Leinenkugels
Alfonso Harrington,Dogfish Head
Alfonso Harrington,Victory
Alfonso Harrington,Elysian
Alfonso Harrington,Yuengling Lager
Alfred Vang,Natural Light
Alfred Vang,Elysian
Alfred Vang,Modelo Especial
Alfred Vang,River Horse
Alfredo Sandoval,Busch
Alfredo Sandoval,Stella Artois
Alia Gutierrez,Dos Equis
Alia Gutierrez,Tree House
Aliana Bond,Coors Light
Alijah Patterson,Keystone Light
Alijah Patterson,Guinness
Alina Russell,Lagunitas
Alissa Mckinney,Stone Brewing Co.
Aliya Briggs,Modelo Especial
Aliya Briggs,Icehouse
Aliya Briggs,Goose Island
Aliya Briggs,Landshark
Allan Salazar,Dos Equis
Allan Salazar,Yuengling Lager
Allan Salazar,Goose Island
Allan Salazar,Landshark
Allie Cantrell,Tree House
Allie Cantrell,Stella Artois
Allie Cantrell,Bud Light
Allison Richardson,Modelo Especial
Ally Savage,New Belgium
Allyson Butler,Elysian
Alyssa Riley,Steel Reserve
Alyssa Riley,Keystone Light
Alyssa Riley,Budweiser
Amani Mcfarland,Old Milwaukee
Amani Mcfarland,Keystone Light
Amani Mcfarland,Heineken
Amani Mcfarland,Guinness
Amari Hayden,Corona
Amari Hayden,Bravus
Amaris Parsons,Old Style
Amaris Parsons,Hamm's
Amaris Parsons,Modelo Especial
Amiah Potts,Ballast Point
Amiah Potts,Schlitz
Amina George,Dogfish Head
Amir Shaffer,Old Style
Amir Shaffer,Landshark
Amir Shaffer,Elysian
Amy Lynn,New Belgium
Amy Lynn,Tree House
Amya Todd,Elysian
Amya Todd,Victory
Ana Stephenson,Blue Moon
Ana Stephenson,Victory
Ana Stephenson,Delirium
Ana Stephenson,Victory
Anabella Reynolds,Lagunitas
Anabella Reynolds,New Belgium
Anahi Odonnell,Miller Lite
Anahi Odonnell,Lagunitas
Anahi Odonnell,Pabst Blue Ribbon
Anahi Odonnell,Yuengling Lager
Anaya Hamilton,Michelob Ultra
Anaya Hamilton,Delirium
Anaya Hamilton,Guinness
Anderson Haas,Delirium
Anderson Haas,Old Milwaukee
Anderson Haas,New Belgium
Andres Bass,Yuengling Lager
Andres Bass,Bud Light
Andres Bass,Leinenkugels
Andrew Huynh,Steel Reserve
Andrew Huynh,New Belgium
Andrew Huynh,Firestone Walker
Andy Barajas,Dogfish Head
Andy Barajas,Steel Reserve
Andy Barajas,Tree House
Angel Wang,Elysian
Angela Landry,Ballast Point
Angela Landry,Natural Light
Angela Landry,Coors Light
Angeline Coleman,Old Style
Angeline Coleman,Icehouse
Angelo Nelson,Lagunitas
Angelo Nelson,Steel Reserve
Angelo Nelson,Landshark
Anika Trujillo,Steel Reserve
Anika Trujillo,Tree House
Anna Zavala,Michelob Ultra
Anna Zavala,Guinness
Anna Zavala,Hamm's
Annabelle Walls,Firestone Walker
Annabelle Walls,Miller Lite
Annalise Roth,Yuengling Lager
Annalise Roth,Busch
Annalise Roth,Guinness
Annalise Roth,Stone Brewing Co.
Annie Franco,Sierra Nevada
Annie Franco,Stella Artois
Annie Franco,Bravus
Annie Franco,Bravus
Antony Lindsey,Elysian
Antony Lindsey,Victory
Antony Lindsey,Stella Artois
Antony Lindsey,River Horse
Anya Jarvis,Michelob Ultra
April Gould,Old Milwaukee
April Gould,Bravus
Arabella Wilkerson,Victory
Arabella Wilkerson,Pabst Blue Ribbon
Arabella Wilkerson,Leinenkugels
Arabella Wilkerson,Brooklyn Brewery
Ariel Massey,Sierra Nevada
Ariel Massey,Yuengling Lager
Ariel Massey,Bravus
Ariel Zamora,Guinness
Ariel Zamora,Goose Island
Ariel Zamora,Victory
Ariella David,Delirium
Ariella David,Miller Lite
Ariella David,Coors Light
Ariella David,Dos Equis
Arielle Cannon,Michelob Ultra
Arielle Cannon,Old Style
Armando Hicks,Old Style
Armando Hicks,Coors Light
Armando Hicks,Miller Lite
Armando Hicks,Blue Moon
Aryan Farmer,Schlitz
Aryanna Sampson,Heineken
Asa Blackburn,Coors Light
Asa Blackburn,Firestone Walker
Asa Blackburn,Corona
Ashleigh Ramirez,Brooklyn Brewery
Ashleigh Ramirez,Dos Equis
Ashleigh Ramirez,Busch
Asia Duke,Stella Artois
August Phelps,Bravus
August Phelps,Coors Light
August Phelps,Guinness
Avah Freeman,Coors Light
Avah Freeman,Dogfish Head
Avery Neal,Old Milwaukee
Avery Neal,Stella Artois
Avery Neal,Heineken
Avery Neal,Corona
Avery Travis,Lagunitas
Avery Travis,Landshark
Avery Travis,Old Milwaukee
Axel Bautista,Stella Artois
Axel Bautista,Stella Artois
Ayanna Mcguire,Dos Equis
Ayanna Mcguire,Keystone Light
Ayanna Mcguire,Heineken
Aydan Beck,Corona
Aydan Beck,Busch
Aydan Beck,Victory
Bailey Hensley,Ballast Point
Barrett Edwards,Guinness
Barrett Edwards,Yuengling Lager
Barrett Edwards,Pabst Blue Ribbon
Barrett Edwards,Guinness
Baylee Stanton,Brooklyn Brewery
Baylee Stanton,Coors Light
Baylee Stanton,Lagunitas
Baylee Stanton,Delirium
Beckett Chandler,Dos Equis
Belen Kerr,Firestone Walker
Belen Kerr,Lagunitas
Belinda Hardin,Modelo Especial
Belinda Hardin,Victory
Belinda Hardin,Stella Artois
Bella Garcia,River Horse
Bella Garcia,Stone Brewing Co.
Bella Garcia,Modelo Especial
Bella Garcia,Natural Light
Bentley Owens,Guinness
Bentley Owens,Landshark
Bentley Owens,Steel Reserve
Bentley Owens,Old Milwaukee
Bethany Ewing,Budweiser
Bethany Ewing,Keystone Light
Bethany Ewing,Landshark
Bethany Ewing,Dogfish Head
Bianca Graves,Natural Light
Bianca Graves,Budweiser
Bo Mathews,Victory
Bo Mathews,Victory
Bo Mathews,Michelob Ultra
Bo Mathews,Keystone Light
Boston Fritz,Heineken
Bradyn Herring,Delirium
Bradyn Herring,Schlitz
Braeden Rivas,River Horse
Braeden Rivas,Old Milwaukee
Braeden Rivas,Tree House
Braeden Rivas,Stone Brewing Co.
Braiden Sloan,Tree House
Braiden Sloan,Goose Island
Braiden Sloan,Sierra Nevada
Branden Weiss,Yuengling Lager
Branden Weiss,Coors Light
Branson Crawford,Natural Light
Branson Crawford,New Belgium
Braxton Stephens,Victory
Braxton Stephens,Goose Island
Braylon Hanna,Old Milwaukee
Braylon Hanna,Ballast Point
Breanna Benitez,Heineken
Brendon Strickland,Old Style
Brendon Strickland,Natural Light
Brenna Hendrix,Victory
Brennan Jefferson,Bud Light
Brennan Jefferson,Delirium
Brennan Jefferson,Goose Island
Bria Tucker,Stella Artois
Bria Tucker,Stella Artois
Brian Fleming,Yuengling Lager
Brian Fleming,Brooklyn Brewery
Briana Buck,Modelo Especial
Bridger Garrett,Coors Light
Bridger Garrett,Old Milwaukee
Bridger Garrett,Icehouse
Bridger Garrett,Yuengling Lager
Bridget Burgess,Tree House
Bridget Burgess,Hamm's
Bridget Burgess,Heineken
Bridget Burgess,Natural Light
Brisa Townsend,Heineken
Brisa Townsend,Miller Lite
Brisa Townsend,Old Milwaukee
Brisa Townsend,Michelob Ultra
Brittany Norton,Dos Equis
Brittany Norton,Michelob Ultra
Brittany Norton,Keystone Light
Brittany Norton,Steel Reserve
Brock Best,Corona
Brock Best,Sierra Nevada
Brock Best,Miller Lite
Brooke Ross,Keystone Light
Brooklyn Blevins,River Horse
Brooklynn Graham,Tree House
Brooklynn Graham,Bravus
Brooklynn Graham,Guinness
Brooklynn Graham,Hamm's
Bruce Watkins,Stella Artois
Bruce Watkins,Bravus
Bruce Watkins,Elysian
Bruce Watkins,Dos Equis
Bryan Henry,Michelob Ultra
Bryan Henry,Old Milwaukee
Bryan Henry,Victory
Bryan Henry,Yuengling Lager
Bryce Barnett,Natural Light
Bryce Barnett,Dos Equis
Bryson Cox,Ballast Point
Byron Spears,Elysian
Byron Spears,Michelob Ultra
Byron Spears,Keystone Light
Byron Spears,Coors Light
Cade Oconnell,Landshark
Cade Oconnell,Stone Brewing Co.
Cade Oconnell,Budweiser
Caleb Stone,Steel Reserve
Caleb Stone,Old Milwaukee
Caleb Stone,River Horse
Callie Becker,Bravus
Calvin Tanner,Delirium
Calvin Tanner,Tree House
Camilla Boyle,Budweiser
Camilla Boyle,Stella Artois
Camilla Boyle,Bravus
Camilla Boyle,River Horse
Camryn Whitney,Miller Lite
Cara Bender,Lagunitas
Carl Cooke,Stella Artois
Carl Cooke,Old Milwaukee
Carl Cooke,Keystone Light
Carlee Blake,Old Milwaukee
Carlee Blake,Miller Lite
Carlee Blake,Busch
Carly Newton,Bud Light
Carly Newton,Icehouse
Carly Newton,Bud Light
Carmelo Scott,Natural Light
Carolina Bates,Hamm's
Carolina Bates,Coors Light
Carolina Bates,Delirium
Carolina Bates,Stella Artois
Carson Williams,Blue Moon
Cason Simmons,Heineken
Cason Simmons,Guinness
Cason Simmons,Ballast Point
Cason Simmons,Stella Artois
Cedric Robles,New Belgium
Cedric Robles,Heineken
Cedric Robles,Leinenkugels
Cedric Robles,Michelob Ultra
Celeste Callahan,Leinenkugels
Celeste Callahan,Modelo Especial
Cesar Avery,Ballast Point
Cesar Avery,Hamm's
Cesar Avery,Bud Light
Cesar Avery,Ballast Point
Chace Vargas,Icehouse
Chace Vargas,Steel Reserve
Chaim Chambers,Natural Light
Chaim Chambers,Delirium
Chandler Moyer,Guinness
Chandler Moyer,Goose Island
Charlee Parker,Firestone Walker
Charlie Ashley,Corona
Charlie Ashley,Old Style
Charlie Ashley,Sierra Nevada
Chaz Russo,Stella Artois
Chelsea Sharp,Ballast Point
Chelsea Sharp,Elysian
Chelsea Sharp,Blue Moon
Cherish Reeves,Yuengling Lager
Cherish Reeves,Elysian
Chloe Huang,Stone Brewing Co.
Christian Pena,Firestone Walker
Christian Pena,Dogfish Head
Christian Pena,Leinenkugels
Christian Pena,Leinenkugels
Christina Galvan,Old Milwaukee
Christina Galvan,Natural Light
Christina Galvan,Stella Artois
Christopher Manning,Yuengling Lager
Christopher Manning,Busch
Cierra Wallace,Blue Moon
Cierra Wallace,Natural Light
Cierra Wallace,Heineken
Cierra Wallace,River Horse
Cindy Chang,Delirium
Clayton Hubbard,Elysian
Clayton Hubbard,Guinness
Coby Meyer,Leinenkugels
Coby Meyer,Ballast Point
Cole Webb,Blue Moon
Cole Webb,Hamm's
Coleman Rush,Yuengling Lager
Coleman Rush,Icehouse
Colten Booth,Elysian
Colten Booth,Keystone Light
Colten Booth,Icehouse
Colten Booth,Keystone Light
Conner Joyce,Sierra Nevada
Conrad Shepherd,Icehouse
Conrad Shepherd,Delirium
Conrad Shepherd,Guinness
Cooper Franklin,Keystone Light
Cooper Franklin,Dogfish Head
Cooper Franklin,Blue Moon
Cordell Orr,Yuengling Lager
Cordell Orr,Victory
Cordell Orr,Natural Light
Cordell Orr,Schlitz
Corey Schultz,Natural Light
Corey Schultz,Busch
Craig Bush,Brooklyn Brewery
Craig Bush,Firestone Walker
Cristal Sanford,Corona
Cristal Sanford,Coors Light
Cristian Simpson,Tree House
Cristian Simpson,Michelob Ultra
Cristina Beasley,Sierra Nevada
Cristina Beasley,Leinenkugels
Cullen Fitzgerald,Old Milwaukee
Dakota Key,Landshark
Dakota Key,New Belgium
Dakota Key,Icehouse
Dakota Key,Pabst Blue Ribbon
Dakota Wall,Hamm's
Dakota Wall,Corona
Dakota Wall,Stone Brewing Co.
Dakota Wall,Lagunitas
Dalia Gaines,Victory
Dalia Gaines,Sierra Nevada
Dalia Gaines,Landshark
Dalia Gaines,Heineken
Damarion Chen,Bud Light
Damarion Chen,Stella Artois
Damarion Chen,Ballast Point
Damaris Gilmore,Michelob Ultra
Damaris Gilmore,Leinenkugels
Damaris Gilmore,Stone Brewing Co.
Damaris Gilmore,New Belgium
Damien Aguirre,Corona
Damien Aguirre,Goose Island
Dana Ferguson,Steel Reserve
Dane Harmon,Michelob Ultra
Dane Harmon,Corona
Dania Choi,Tree House
Danica Bean,Keystone Light
Danica Bean,Landshark
Danica Bean,Stella Artois
Daniel Miranda,Yuengling Lager
Daniel Miranda,Modelo Especial
Darius Sims,Victory
Darius Sims,Schlitz
Darius Sims,Delirium
Darius Sims,Landshark
Darnell Monroe,Corona
Darnell Monroe,Lagunitas
Darrell Vance,Delirium
Darwin Douglas,Ballast Point
Darwin Douglas,Ballast Point
Dayana Oconnor,Schlitz
Dayana Oconnor,New Belgium
Deacon Lane,Brooklyn Brewery
Deacon Lane,Goose Island
Deacon Lane,Elysian
Deandre Hunt,River Horse
Deandre Hunt,Tree House
Deandre Hunt,Old Milwaukee
Deangelo Joseph,Stone Brewing Co.
Deangelo Joseph,Modelo Especial
Deangelo Joseph,Bud Light
Declan Everett,Tree House
Declan Everett,Natural Light
Declan Everett,Landshark
Declan Everett,Firestone Walker
Deegan Booker,Corona
Deegan Booker,Steel Reserve
Deegan Booker,Dogfish Head
Deegan Booker,Firestone Walker
Demarcus Davila,Keystone Light
Demarcus Davila,Lagunitas
Demarcus Davila,Delirium
Demarion Gentry,Goose Island
Demarion Gentry,Bud Light
Demarion Gentry,Michelob Ultra
Demetrius Esparza,Steel Reserve
Demetrius Esparza,Dogfish Head
Demetrius Esparza,Ballast Point
Demetrius Esparza,Busch
Denisse Buckley,Goose Island
Denisse Buckley,Ballast Point
Dennis Barry,Lagunitas
Dennis Barry,Hamm's
Dennis Barry,Delirium
Dennis Barry,Old Style
Denzel Brennan,Landshark
Denzel Brennan,Stone Brewing Co.
Denzel Brennan,Guinness
Derick Bauer,Budweiser
Derrick Mack,Victory
Derrick Mack,Natural Light
Derrick Mack,Coors Light
Deshawn Steele,Ballast Point
Deshawn Steele,Blue Moon
Deshawn Steele,Hamm's
Deshawn Steele,Delirium
Desmond Marsh,Miller Lite
Destiney Andersen,Blue Moon
Destiney Andersen,Icehouse
Destiney Andersen,Dogfish Head
Destiney Andersen,Sierra Nevada
Deven Gonzalez,Stone Brewing Co.
Deven Gonzalez,Michelob Ultra
Devin Singh,Tree House
Devin Singh,Heineken
Diego Gallagher,Natural Light
Diego Gallagher,Goose Island
Diego Gallagher,Bud Light
Dilbar S. Turna,Busch
Dilbar S. Turna,Miller Lite
Dilbar S. Turna,Lagunitas
Dillan Black,Icehouse
Dillan Black,Lagunitas
Dillan Black,Miller Lite
Dillon Rodriguez,Modelo Especial
Dillon Rodriguez,Tree House
Dillon Rodriguez,Icehouse
Dixie Mason,Keystone Light
Dixie Mason,Busch
Diya Mcdonald,Blue Moon
Diya Mcdonald,Budweiser
Diya Mcdonald,Stone Brewing Co.
Dominic Dennis,Pabst Blue Ribbon
Dominic Dennis,Victory
Dominick Howell,Coors Light
Dominick Howell,Bravus
Dominick Howell,Goose Island
Dominick Howell,Keystone Light
Dominik Khan,Sierra Nevada
Dominik Khan,Coors Light
Dominik Khan,Goose Island
Dominik Khan,Heineken
Donavan Moody,Steel Reserve
Donavan Moody,Hamm's
Donna Doyle,Guinness
Donna Doyle,Dos Equis
Donna Doyle,Lagunitas
Donna Doyle,Dogfish Head
Donovan Snow,Delirium
Douglas Schwartz,Leinenkugels
Douglas Schwartz,Hamm's
Douglas Schwartz,Tree House
Drake Bell,Icehouse
Duncan Willis,New Belgium
Duncan Willis,Bud Light
Duncan Willis,Old Style
Duncan Willis,Yuengling Lager
Dwayne Dawson,Tree House
Dwayne Dawson,Stella Artois
Eduardo Garrison,Goose Island
Eduardo Garrison,Yuengling Lager
Edwin Wolf,Lagunitas
Edwin Wolf,Delirium
Eileen Clay,Miller Lite
Eileen Clay,Dogfish Head
Elaine Vega,Delirium
Elaine Vega,Pabst Blue Ribbon
Elaine Vega,Heineken
Eli Day,Dogfish Head
Eli Day,Yuengling Lager
Eli Day,Victory
Eliezer Lawrence,Victory
Eliezer Lawrence,Ballast Point
Eliezer Lawrence,Leinenkugels
Elise Ruiz,Leinenkugels
Elise Ruiz,Bud Light
Elise Ruiz,Firestone Walker
Elise Ruiz,Ballast Point
Elisha Weaver,Hamm's
Ella Brewer,Old Milwaukee
Elle Case,Hamm's
Elle Case,Old Style
Ellen Rich,Modelo Especial
Elliana Ball,Blue Moon
Ellie Melendez,Icehouse
Elliot Harris,Modelo Especial
Elliot Harris,Busch
Elliot Harris,Bravus
Elliot Harris,Heineken
Elliott Hodge,Modelo Especial
Elliott Hodge,Elysian
Elliott Hodge,Elysian
Elsa Compton,Miller Lite
Elsa Compton,Modelo Especial
Emely Fischer,Pabst Blue Ribbon
Emerson Carroll,Corona
Emilee Good,Stella Artois
Emilia Montgomery,Blue Moon
Emilia Montgomery,River Horse
Emilio Snyder,Michelob Ultra
Emilio Snyder,Lagunitas
Emma Waller,Elysian
Emmalee Solis,Icehouse
Emmalee Solis,Bud Light
Erick Levine,Landshark
Erin Pitts,Keystone Light
Erin Pitts,Landshark
Erin Pitts,Pabst Blue Ribbon
Erin Pitts,Steel Reserve
Ernest Morse,Blue Moon
Ernest Morse,Tree House
Ernest Morse,New Belgium
Ernesto Peck,Tree House
Ernesto Peck,Icehouse
Ernesto Peck,Budweiser
Esmeralda Mendoza,Busch
Esmeralda Mendoza,Old Milwaukee
Esperanza Rubio,Stone Brewing Co.
Esperanza Rubio,Hamm's
Esperanza Rubio,River Horse
Esperanza Rubio,Stone Brewing Co.
Essence Myers,Goose Island
Essence Myers,Schlitz
Essence Myers,Lagunitas
Esther Lewis,Ballast Point
Esther Lewis,Goose Island
Esther Lewis,Busch
Ethen Craig,Landshark
Ethen Craig,Sierra Nevada
Ethen Craig,Bud Light
Evelin Sanchez,Leinenkugels
Evelyn Cardenas,Budweiser
Evelyn Cardenas,Old Style
Evelyn Cardenas,Leinenkugels
Evelyn Cardenas,Pabst Blue Ribbon
Evie Henson,Budweiser
Evie Henson,Natural Light
Evie Henson,Pabst Blue Ribbon
Faith Hahn,Hamm's
Felicity Meadows,Old Milwaukee
Felicity Meadows,Old Milwaukee
Finley Ware,Victory
Finley Ware,Goose Island
Finley Ware,Tree House
Finnegan Lara,Firestone Walker
Finnegan Lara,Icehouse
Finnegan Lara,Elysian
Finnegan Lara,Dogfish Head
Fisher Pham,Guinness
Fisher Pham,Lagunitas
Fisher Pham,Icehouse
Fisher Pham,Corona
Francesca Werner,Modelo Especial
Francesca Werner,Victory
Francesca Werner,Miller Lite
Frank Kelly,Schlitz
Frank Kelly,Sierra Nevada
Frank Kelly,New Belgium
Frederick Shepard,Budweiser
Frederick Shepard,Landshark
Frida Mays,Bud Light
Frida Mays,Schlitz
Frida Mays,Heineken
Gabriel Olsen,Budweiser
Gabriel Olsen,Schlitz
Gabriela Hunter,Sierra Nevada
Gabriela Hunter,Pabst Blue Ribbon
Gabriela Hunter,Yuengling Lager
Gabriela Hunter,Dogfish Head
Gavin Avila,Modelo Especial
Gavyn Dunn,Hamm's
Gavyn Dunn,Yuengling Lager
Genesis Frye,Modelo Especial
Genesis Frye,Michelob Ultra
Genesis Frye,Firestone Walker
Genesis Frye,Michelob Ultra
Georgia Boone,Old Style
Georgia Boone,Heineken
Georgia Boone,Goose Island
Gerardo Castillo,Busch
Gerardo Castillo,Firestone Walker
German Ingram,Yuengling Lager
German Ingram,Stone Brewing Co.
Giada Ellison,New Belgium
Giada Ellison,Budweiser
Giada Ellison,Old Milwaukee
Giana Osborne,River Horse
Giana Osborne,Busch
Gilbert Bailey,New Belgium
Gilbert Bailey,Bravus
Gilbert Bailey,Tree House
Gilberto Bullock,Icehouse
Gilberto Bullock,Blue Moon
Giovanny Byrd,Pabst Blue Ribbon
Giovanny Byrd,Old Style
Giovanny Byrd,River Horse
Giovanny Byrd,Modelo Especial
Giselle Logan,Hamm's
Giselle Logan,Michelob Ultra
Giselle Logan,Ballast Point
Giuliana Kent,Bud Light
Gloria Mills,Lagunitas
Gloria Mills,Icehouse
Gloria Mills,Victory
Gordon Barker,Stella Artois
Gordon Barker,Bud Light
Gordon Barker,Miller Lite
Gracelyn Ward,Stella Artois
Grant Cummings,Old Style
Grant Cummings,Leinenkugels
Grant Cummings,Lagunitas
Grant Cummings,Lagunitas
Grayson Flowers,Michelob Ultra
Grayson Flowers,Icehouse
Grayson Flowers,Goose Island
Greta Holt,Guinness
Greta Holt,New Belgium
Greta Holt,Miller Lite
Gretchen Koch,Elysian
Gretchen Koch,Natural Light
Gretchen Koch,Old Style
Gretchen Koch,Sierra Nevada
Greyson Hammond,Steel Reserve
Greyson Hammond,Icehouse
Greyson Hammond,Heineken
Greyson Hammond,Steel Reserve
Guillermo Cline,Stone Brewing Co.
Guillermo Cline,Lagunitas
Gustavo Vazquez,Firestone Walker
Gustavo Vazquez,Natural Light
Gustavo Vazquez,River Horse
Gustavo Vazquez,Guinness
Gwendolyn Mccoy,Pabst Blue Ribbon
Gwendolyn Mccoy,Bravus
Gwendolyn Mccoy,Dogfish Head
Gwendolyn Mccoy,River Horse
Halle Mullen,Bravus
Halle Mullen,Heineken
Halle Mullen,Michelob Ultra
Harley Woodward,Lagunitas
Harley Woodward,River Horse
Harley Woodward,Keystone Light
Harley Woodward,River Horse
Harper Moses,Elysian
Harper Moses,Pabst Blue Ribbon
Hassan Brandt,Delirium
Hassan Brandt,Busch
Hassan Brandt,Ballast Point
Hassan Brandt,Guinness
Haven Sullivan,Yuengling Lager
Haven Sullivan,Stone Brewing Co.
Hayden Petersen,Michelob Ultra
Heath Leon,Tree House
Heath Leon,Bravus
Heaven Bowers,Hamm's
Heaven Bowers,Icehouse
Heaven Bowers,Goose Island
Heaven Bowers,Old Style
Hector Mccullough,Michelob Ultra
Heidy Rosario,Elysian
Heidy Rosario,Sierra Nevada
Helena Weber,New Belgium
Helena Weber,Elysian
Helena Weber,Hamm's
Henry Taylor,Dos Equis
Henry Taylor,Steel Reserve
Henry Taylor,Old Style
Henry Taylor,Michelob Ultra
Holden Mcconnell,Landshark
Holden Mcconnell,New Belgium
Holden Mcconnell,Schlitz
Holden Mcconnell,Firestone Walker
Howard Cross,Stella Artois
Howard Cross,Delirium
Hudson Bradford,Schlitz
Hudson Bradford,Old Style
Hudson Bradford,Busch
Hudson Bradford,Lagunitas
Hugo Greene,Sierra Nevada
Hugo Greene,Brooklyn Brewery
Hugo Greene,Ballast Point
Hugo Greene,Landshark
Hunter English,Stone Brewing Co.
Hunter English,Schlitz
Hunter English,Hamm's
Hunter English,Sierra Nevada
Ibrahim Clayton,Heineken
Ibrahim Clayton,Goose Island
Ibrahim Clayton,Miller Lite
Ibrahim Clayton,Dos Equis
Imani Stark,Victory
Imani Stark,Elysian
Imani Stark,Natural Light
Ingrid Dickerson,Stella Artois
Ingrid Dickerson,Guinness
Ingrid Dickerson,Dos Equis
Ingrid Dickerson,Old Style
Ireland Bird,Stone Brewing Co.
Ireland Bird,Schlitz
Ireland Bird,Victory
Irene Zimmerman,Landshark
Iris Ibarra,Stella Artois
Iris Ibarra,Ballast Point
Iris Ibarra,Sierra Nevada
Irvin Guzman,Landshark
Irvin Guzman,River Horse
Isabel Young,Victory
Isabel Young,Busch
Isabel Young,Old Milwaukee
Isabell Dillon,New Belgium
Isabell Dillon,Bud Light
Isabella Flynn,Steel Reserve
Isabella Flynn,Pabst Blue Ribbon
Isabella Flynn,Busch
Isabella Flynn,Landshark
Isaias Johnston,Lagunitas
Isis Leblanc,Miller Lite
Isis Leblanc,Schlitz
Isis Leblanc,Landshark
Isis Leblanc,Firestone Walker
Isla Acosta,Modelo Especial
Israel Parrish,Delirium
Ivan Howe,Blue Moon
Ivan Howe,Tree House
Ivan Howe,Brooklyn Brewery
Ivy Underwood,Modelo Especial
Ivy Underwood,Coors Light
Iyana Abbott,Keystone Light
Iyana Abbott,New Belgium
Iyana Abbott,Elysian
Iyana Abbott,Pabst Blue Ribbon
Izaiah Nguyen,Brooklyn Brewery
Izaiah Nguyen,Stella Artois
Izaiah Nguyen,Steel Reserve
Izaiah Nguyen,Corona
Jabari Pollard,Corona
Jabari Pollard,Modelo Especial
Jabari Pollard,Stella Artois
Jabari Pollard,Budweiser
Jack Kirk,Dogfish Head
Jack Kirk,Bravus
Jackson Chan,Keystone Light
Jackson Chan,Elysian
Jackson Chan,Budweiser
Jackson Chan,Landshark
Jacoby Mata,Dos Equis
Jacqueline Lester,Old Style
Jacqueline Lester,Dogfish Head
Jada Lucero,Modelo Especial
Jaden Shields,Old Style
Jaden Shields,Delirium
Jaden Shields,Leinenkugels
Jadiel Clements,Steel Reserve
Jadiel Clements,Corona
Jadyn Dixon,Michelob Ultra
Jaeden Randall,Guinness
Jaeden Randall,Landshark
Jaeden Randall,Budweiser
Jaeden Randall,River Horse
Jaelyn Carney,Landshark
Jaelyn Carney,Leinenkugels
Jaelyn Carney,Corona
Jagger Mcgrath,Schlitz
Jakob Morrow,Michelob Ultra
Jakob Morrow,New Belgium
Jakob Morrow,Budweiser
Jakob Morrow,Pabst Blue Ribbon
Jakobe Warner,Blue Moon
Jakobe Warner,Delirium
Jakobe Warner,Elysian
Jaliyah Klein,Tree House
Jaliyah Klein,Icehouse
Jaliyah Klein,Tree House
Jamal Forbes,Old Style
Jamarcus Payne,Heineken
Jamarcus Payne,Budweiser
James Roberson,Dogfish Head
Jameson Gross,Budweiser
Jameson Gross,Dogfish Head
Jameson Gross,Bravus
Jameson Gross,Leinenkugels
Jamie Braun,Tree House
Jamie Braun,Steel Reserve
Jamiya Davenport,Stella Artois
Jamiya Davenport,Sierra Nevada
Jane Powell,Stone Brewing Co.
Janessa Horton,Yuengling Lager
Janessa Horton,Natural Light
Janiah Mooney,Modelo Especial
Janiah Mooney,Stone Brewing Co.
Janiya Barrera,Bravus
Janiya Barrera,Landshark
Janiya Barrera,Victory
Janiya Barrera,Lagunitas
Jaqueline Ritter,Steel Reserve
Jarrett Norman,Budweiser
Jarrett Norman,Coors Light
Jasmine Jimenez,Michelob Ultra
Jasmine Jimenez,Old Milwaukee
Jasmine Jimenez,Keystone Light
Jax Ayala,Blue Moon
Jaycee Benson,Leinenkugels
Jaycee Benson,Busch
Jaycee Benson,Schlitz
Jaycee Benson,Coors Light
Jayda Roy,Stella Artois
Jayda Roy,Steel Reserve
Jayda Roy,Stone Brewing Co.
Jaylan Christian,Blue Moon
Jaylee Harrison,Delirium
Jaylee Harrison,Yuengling Lager
Jaylene Swanson,Michelob Ultra
Jaylene Swanson,Stone Brewing Co.
Jaylene Swanson,Ballast Point
Jaylene Swanson,Pabst Blue Ribbon
Jaylin Collier,River Horse
Jaylin Reese,Elysian
Jaylin Reese,Hamm's
Jaylin Reese,Blue Moon
Jaylin Reese,Old Milwaukee
Jaylyn Grant,Natural Light
Jaylyn Grant,Keystone Light
Jaylynn Proctor,Delirium
Jaylynn Proctor,Bud Light
Jazlyn Reid,Blue Moon
Jazlyn Reid,Budweiser
Jazlynn Thomas,Firestone Walker
Jazlynn Thomas,Blue Moon
Jazlynn Thomas,New Belgium
Jefferson Walters,Firestone Walker
Jefferson Walters,Natural Light
Jenna Villarreal,Delirium
Jenna Villarreal,Dogfish Head
Jenny Reilly,New Belgium
Jenny Reilly,Yuengling Lager
Jerimiah Griffith,New Belgium
Jerry Farrell,Firestone Walker
Jesus Glass,Coors Light
Jesus Glass,Icehouse
Jesus Glass,Goose Island
Jesus Glass,Brooklyn Brewery
Jillian Fuller,Victory
Jillian Fuller,Hamm's
Jillian Fuller,Bravus
Jillian Fuller,Busch
Joanna Robertson,Stella Artois
Joanna Robertson,Pabst Blue Ribbon
Jocelyn Blair,Sierra Nevada
Jocelynn Davis,Sierra Nevada
Jocelynn Davis,Michelob Ultra
Jocelynn Davis,Hamm's
Joe Mckee,Icehouse
Joe Mckee,Blue Moon
Joe Mckee,Miller Lite
Joel Haney,Busch
Joel Haney,Old Milwaukee
Joey Medina,Old Style
Joey Medina,Corona
Joey Medina,Victory
Joey Medina,Keystone Light
Johanna Murillo,Goose Island
Johanna Murillo,Firestone Walker
Johanna Murillo,Budweiser
Johanna Murillo,Pabst Blue Ribbon
John Farley,Firestone Walker
Johnathon Vincent,Old Milwaukee
Johnathon Vincent,Firestone Walker
Jon Hickman,River Horse
Jon Hickman,Brooklyn Brewery
Jon Hickman,Old Milwaukee
Jon Hickman,Coors Light
Jonas Bonilla,Yuengling Lager
Jonathan Park,Corona
Jonathan Park,Stone Brewing Co.
Jonathan Park,Michelob Ultra
Jordan Friedman,Bravus
Jordan Rowe,Steel Reserve
Jordan Rowe,Dogfish Head
Jorden Tran,Stella Artois
Jorden Tran,Blue Moon
Jorden Tran,Budweiser
Jordin Gilbert,Schlitz
Jordin Gilbert,Steel Reserve
Jordin Gilbert,Stone Brewing Co.
Jordon Pacheco,Stella Artois
Jordyn Burke,Goose Island
Joshua Prince,Victory
Joshua Prince,Corona
Josiah Colon,Brooklyn Brewery
Josiah Colon,Firestone Walker
Josiah Colon,Guinness
Josie Horne,Heineken
Josie Horne,Brooklyn Brewery
Josie Horne,Natural Light
Joslyn Houston,Coors Light
Joslyn Houston,Goose Island
Joslyn Houston,Blue Moon
Jovanni Schneider,Bravus
Jovanni Schneider,Busch
Jovanni Schneider,Blue Moon
Joy Sutton,Yuengling Lager
Joy Sutton,Lagunitas
Juan Ali,Yuengling Lager
Juan Ali,Yuengling Lager
Juan Ali,Lagunitas
Judah Luna,Coors Light
Judah Luna,New Belgium
Judah Luna,Pabst Blue Ribbon
Jude Strong,Dogfish Head
Jude Strong,Old Style
Jude Strong,Busch
Jude Strong,Natural Light
Julia Hooper,Corona
Julia Hooper,Busch
Julia Hooper,Keystone Light
Julia Hooper,Sierra Nevada
Julianne Burnett,Sierra Nevada
Julianne Burnett,Natural Light
Julianne Burnett,Firestone Walker
Julianne Burnett,Delirium
Julie Dickson,Natural Light
Julie Dickson,Natural Light
Juliet Orozco,Schlitz
Juliet Orozco,Bud Light
Juliette Cochran,Goose Island
Juliette Cochran,Schlitz
Justice Foster,Delirium
Justice Foster,Schlitz
Kaden James,Miller Lite
Kaeden Richard,Modelo Especial
Kaeden Richard,Leinenkugels
Kael Meyers,Natural Light
Kael Meyers,Pabst Blue Ribbon
Kaiden Knight,Goose Island
Kailyn Perkins,Tree House
Kailyn Perkins,Bravus
Kailyn Perkins,Blue Moon
Kaitlin Duncan,Dogfish Head
Kaiya Blankenship,Miller Lite
Kaiya Blankenship,Tree House
Kaiya Blankenship,Victory
Kaiya Blankenship,Dogfish Head
Kale Maynard,Blue Moon
Kale Maynard,Tree House
Kaley Knox,Icehouse
Kaley Knox,Goose Island
Kaley Knox,River Horse
Kaley Knox,Sierra Nevada
Kali Nash,Busch
Kaliyah Mendez,Blue Moon
Kaliyah Mendez,Yuengling Lager
Kameron Arias,Brooklyn Brewery
Kameron Arias,Yuengling Lager
Kameron Arias,Old Milwaukee
Kamron Richmond,Goose Island
Kamron Richmond,Yuengling Lager
Kamron Richmond,Miller Lite
Kamron Richmond,Pabst Blue Ribbon
Kamryn Williamson,Yuengling Lager
Kamryn Williamson,Heineken
Kamryn Williamson,Old Style
Kamryn Williamson,Elysian
Kareem Meza,Leinenkugels
Kareem Meza,Steel Reserve
Kareem Meza,Pabst Blue Ribbon
Kareem Meza,Bud Light
Karissa Cherry,Dos Equis
Karla Liu,Tree House
Karson Alvarado,Lagunitas
Karson Alvarado,Delirium
Karsyn Curtis,Michelob Ultra
Karter Fletcher,Blue Moon
Karter Fletcher,Stella Artois
Kasey Browning,Leinenkugels
Kasey Browning,Coors Light
Kasey Browning,Blue Moon
Kasey Browning,Stone Brewing Co.
Kate Weeks,Goose Island
Kate Weeks,Busch
Kate Weeks,Goose Island
Katelynn Pace,Landshark
Katelynn Pace,Landshark
Kathryn Small,Natural Light
Kathy Alexander,Old Milwaukee
Kathy Alexander,Guinness
Kathy Alexander,Victory
Kathy Alexander,Guinness
Kayden Fuentes,Blue Moon
Kayden Fuentes,Busch
Kayden Fuentes,Heineken
Kaylah Bolton,Brooklyn Brewery
Kaylah Bolton,Miller Lite
Kaylah Bolton,Landshark
Kaylah Bolton,Dogfish Head
Kaylee Huber,Icehouse
Kayley Guerra,Dos Equis
Kayley Guerra,Yuengling Lager
Kayley Guerra,Dogfish Head
Kayley Guerra,Budweiser
Kaylyn Roberts,Elysian
Kaylyn Roberts,Hamm's
Kaylyn Roberts,Ballast Point
Kaylynn Baxter,Corona
Keegan Eaton,Sierra Nevada
Keely Mckay,Goose Island
Keely Mckay,Blue Moon
Keely Mckay,Old Milwaukee
Keenan Valenzuela,Elysian
Kellen Mitchell,Dogfish Head
Kellen Mitchell,Leinenkugels
Kellen Mitchell,Heineken
Kelsey Martin,Schlitz
Kelsey Martin,Coors Light
Kelsey Martin,Modelo Especial
Kelsey Martin,Brooklyn Brewery
Kelsie Bernard,Pabst Blue Ribbon
Kelsie Bernard,Elysian
Kelsie Bernard,Sierra Nevada
Kelsie Bernard,Modelo Especial
Kelton Salinas,Brooklyn Brewery
Kelton Salinas,New Belgium
Kendal Duarte,Keystone Light
Kendal Duarte,Dogfish Head
Kendal Duarte,River Horse
Kenna Wood,Icehouse
Kenna Wood,River Horse
Kennedy Contreras,Sierra Nevada
Kennedy Contreras,Brooklyn Brewery
Kenny Pruitt,Bravus
Kenny Pruitt,Guinness
Kenny Pruitt,Budweiser
Kenyon Wiggins,Pabst Blue Ribbon
Kenyon Wiggins,Natural Light
Kenyon Wiggins,Miller Lite
Keon Collins,Dogfish Head
Keon Collins,Schlitz
Keon Collins,Natural Light
Keon Collins,Victory
Kevin Buchanan,Blue Moon
Kevin Buchanan,Coors Light
Kevin Buchanan,Corona
Kevin Buchanan,Stone Brewing Co.
Keyla Mcdowell,Goose Island
Keyon Suarez,Landshark
Khalil King,Dos Equis
Khloe Mcbride,New Belgium
Khloe Mcbride,Goose Island
Khloe Mcbride,Leinenkugels
Khloe Mcbride,Busch
Kiana Lee,River Horse
Kiana Lee,Tree House
Kiana Lee,Miller Lite
Kianna Wade,Brooklyn Brewery
Kianna Wade,Dogfish Head
Kianna Wade,Firestone Walker
Kianna Wade,Blue Moon
Kieran Barber,Modelo Especial
Killian Mueller,Bud Light
Killian Mueller,Firestone Walker
Killian Mueller,Lagunitas
King Rodgers,Victory
King Rodgers,Busch
King Rodgers,Firestone Walker
Kinley Gonzales,Busch
Kinley Gonzales,River Horse
Kinley Gonzales,Miller Lite
Kira Mcknight,Miller Lite
Kirsten Anthony,Ballast Point
Kirsten Anthony,Heineken
Kolby Harvey,Leinenkugels
Kolby Harvey,Miller Lite
Kolby Harvey,Hamm's
Kolby Harvey,Old Milwaukee
Krish Fry,Old Milwaukee
Krish Fry,Victory
Krish Fry,Blue Moon
Krish Fry,Stone Brewing Co.
Kristina Hayes,Pabst Blue Ribbon
Kristina Hayes,Lagunitas
Kyan Villanueva,Michelob Ultra
Kyle Berg,Schlitz
Kyle Berg,Modelo Especial
Kyle Berg,Landshark
Kylee Adkins,Landshark
Kylee Adkins,Lagunitas
Kyler Conrad,Pabst Blue Ribbon
Kyler Conrad,Lagunitas
Kylie Frank,Hamm's
Kylie Frank,New Belgium
Kylie Frank,Guinness
Kyra Olson,Yuengling Lager
Kyra Olson,Brooklyn Brewery
Kyra Olson,New Belgium
Lamar Marshall,Modelo Especial
Lamar Marshall,Tree House
Lamar Marshall,Coors Light
Lamar Marshall,Blue Moon
Lamont Fitzpatrick,Michelob Ultra
Lamont Fitzpatrick,Schlitz
Lamont Fitzpatrick,Ballast Point
Lamont Fitzpatrick,Stone Brewing Co.
Landin Hurst,Old Style
Landin Hurst,Brooklyn Brewery
Landin Hurst,Modelo Especial
Landyn Pope,Michelob Ultra
Lauren Cantu,Corona
Lauren Cantu,Guinness
Lawrence Ortiz,Michelob Ultra
Lawrence Ortiz,Sierra Nevada
Lawson Branch,Dos Equis
Lawson Branch,Blue Moon
Lawson Branch,Miller Lite
Lawson Branch,Brooklyn Brewery
Laylah Hull,Stella Artois
Laylah Hull,Brooklyn Brewery
Layne Trevino,Sierra Nevada
Layne Trevino,Pabst Blue Ribbon
Layne Trevino,Tree House
Layne Trevino,Michelob Ultra
Layton Howard,Bravus
Layton Howard,Guinness
Leanna Osborn,Miller Lite
Leanna Osborn,Delirium
Leanna Osborn,Brooklyn Brewery
Leanna Osborn,Budweiser
Leila Welch,Busch
Leila Welch,Goose Island
Leland Carr,Leinenkugels
Leland Carr,Hamm's
Leland Carr,Schlitz
Leland Carr,Stone Brewing Co.
Lennon Daniel,Tree House
Leon Berry,Heineken
Leon Berry,Ballast Point
Leon Berry,Leinenkugels
Leonard Boyd,Dogfish Head
Leonardo Jones,Bravus
Leonardo Jones,Firestone Walker
Leonardo Jones,Miller Lite
Leonardo Jones,Modelo Especial
Leonel Sexton,Firestone Walker
Leonel Sexton,Busch
Leonel Sexton,Blue Moon
Leonel Sexton,Dogfish Head
Leonidas Huerta,Dos Equis
Leroy Merritt,Miller Lite
Leroy Merritt,Corona
Leroy Merritt,New Belgium
Lewis Patel,Budweiser
Lewis Patel,River Horse
Lexie Obrien,Natural Light
Liam Hale,Steel Reserve
Liam Hale,Coors Light
Liam Hale,New Belgium
Liam Hale,Heineken
Libby Nicholson,Busch
Libby Nicholson,Budweiser
Lila Adams,Guinness
Lilia Nolan,Old Milwaukee
Lilia Nolan,Elysian
Lilia Nolan,Pabst Blue Ribbon
Lilia Nolan,Hamm's
Lilian Huffman,Leinenkugels
Lilian Huffman,Brooklyn Brewery
Lilian Huffman,Tree House
Lilianna Brock,Blue Moon
Lilianna Brock,Michelob Ultra
Lilianna Brock,Miller Lite
Lillianna Flores,Modelo Especial
Lillianna Flores,Bravus
Lillie Jackson,Old Style
Lily Castaneda,Tree House
Lily Castaneda,Brooklyn Brewery
Lily Castaneda,Ballast Point
Lilyana Evans,Keystone Light
Lina Shea,Goose Island
Lina Shea,Corona
Lina Shea,Yuengling Lager
Lina Shea,Heineken
Lindsay Vaughan,New Belgium
Lindsay Vaughan,Bravus
Lindsay Vaughan,Yuengling Lager
Logan Daugherty,Delirium
Logan Valentine,Bravus
Logan Valentine,Leinenkugels
London Christensen,Old Milwaukee
Londyn Harding,Stone Brewing Co.
Londyn Harding,Goose Island
Londyn Harding,Old Style
Londyn Harding,Dos Equis
Lorelai Mayer,Old Style
Lorelai Mayer,Icehouse
Lorelai Mayer,Hamm's
Lorelei Leonard,Landshark
Lorena Duran,New Belgium
Lucas Berger,Delirium
Lucas Berger,Landshark
Lucas Berger,Ballast Point
Lucas Berger,Blue Moon
Lucia Miller,Yuengling Lager
Lucia Miller,Budweiser
Lucia Miller,Guinness
Lucian Grimes,Steel Reserve
Lucian Grimes,Sierra Nevada
Luciana Parks,Coors Light
Luciana Parks,Brooklyn Brewery
Lucille Morris,Busch
Lucille Morris,Natural Light
Lucille Morris,Corona
Lukas Hanson,Firestone Walker
Lukas Hanson,Old Milwaukee
Lukas Hanson,Stella Artois
Lukas Hanson,Dogfish Head
Luna Gomez,Ballast Point
Luna Gomez,Old Milwaukee
Luna Gomez,Guinness
Luna Gomez,Bravus
Lydia Golden,Elysian
Lydia Golden,Pabst Blue Ribbon
Lydia Golden,Michelob Ultra
Lyric Odom,Sierra Nevada
Lyric Odom,Busch
Macey Knapp,Landshark
Macey Knapp,Stone Brewing Co.
Macey Knapp,Leinenkugels
Macy Mcintyre,Michelob Ultra
Macy Mcintyre,Old Milwaukee
Macy Mcintyre,Pabst Blue Ribbon
Macy Mcintyre,Old Style
Madelyn Kline,Busch
Madelynn Ryan,Hamm's
Madelynn Ryan,Brooklyn Brewery
Madelynn Ryan,Lagunitas
Madelynn Ryan,Dos Equis
Madilynn Wilcox,Busch
Madilynn Wilcox,Schlitz
Madisyn Roach,Bravus
Madisyn Roach,Delirium
Maeve Ramsey,Pabst Blue Ribbon
Maeve Ramsey,Hamm's
Maeve Ramsey,Stella Artois
Makenzie Gamble,Heineken
Malachi Guerrero,Elysian
Malachi Guerrero,Blue Moon
Malakai Randolph,Delirium
Malakai Randolph,Elysian
Malakai Randolph,Budweiser
Malcolm Espinoza,Michelob Ultra
Malcolm Espinoza,Pabst Blue Ribbon
Malcolm Espinoza,Busch
Maleah Bryant,Budweiser
Maleah Bryant,Lagunitas
Maleah Bryant,Stella Artois
Maliyah Spence,Keystone Light
Manuel Hopkins,Dogfish Head
Manuel Hopkins,Delirium
Manuel Hopkins,Tree House
Manuel Hopkins,River Horse
Marcelo Mathis,Tree House
Marcelo Mathis,Leinenkugels
Marcelo Mathis,Keystone Light
Marcelo Mathis,Stone Brewing Co.
Marcos Holmes,Yuengling Lager
Marcus Wheeler,Yuengling Lager
Marcus Wheeler,Budweiser
Marcus Wheeler,Firestone Walker
Mareli Baker,Heineken
Marely Horn,Yuengling Lager
Marely Horn,Coors Light
Marely Horn,Delirium
Maren Rice,Stella Artois
Margaret Bright,River Horse
Maria Hill,Victory
Mariah Quinn,Stella Artois
Mariah Quinn,Michelob Ultra
Mariah Quinn,Coors Light
Marilyn Kirby,Old Style
Marilyn Kirby,Old Milwaukee
Marilyn Kirby,Elysian
Marilyn Kirby,Bravus
Mario Rowland,New Belgium
Mario Rowland,Michelob Ultra
Marissa Murphy,Ballast Point
Marissa Murphy,Stone Brewing Co.
Marissa Murphy,Old Style
Mark Beltran,Guinness
Mark Beltran,Michelob Ultra
Mark Beltran,Dogfish Head
Marlene Benjamin,Modelo Especial
Marques Mccann,Dos Equis
Marques Mccann,Delirium
Marques Mccann,Lagunitas
Marquise Raymond,Steel Reserve
Marquise Raymond,Dos Equis
Martin Galloway,River Horse
Maryjane Leach,Landshark
Maryjane Leach,Tree House
Maryjane Leach,Busch
Mateo Woodard,Sierra Nevada
Mateo Woodard,Leinenkugels
Mateo Woodard,Firestone Walker
Mathew Bishop,Schlitz
Mathew Bishop,Bud Light
Mathew Bishop,Stella Artois
Mathew Bishop,Corona
Matteo Li,Miller Lite
Matteo Li,Firestone Walker
Matteo Li,Stone Brewing Co.
Matteo Li,Michelob Ultra
Matthias Donovan,Steel Reserve
Matthias Donovan,Busch
Matthias Donovan,Busch
Matthias Donovan,Delirium
Maurice Shaw,Sierra Nevada
Maurice Shaw,Dogfish Head
Maurice Shaw,Icehouse
Mauricio Stanley,Yuengling Lager
Mauricio Stanley,Sierra Nevada
Max Morales,New Belgium
Max Morales,Budweiser
Max Morales,Brooklyn Brewery
Maxim Mercer,Stella Artois
Maxim Mercer,Guinness
Maxim Mercer,Yuengling Lager
Maxwell Martinez,Modelo Especial
Maxwell Martinez,Bud Light
Maxwell Martinez,Icehouse
Mckinley Mcmillan,Guinness
Megan Barron,Bravus
Megan Barron,Firestone Walker
Megan Barron,Keystone Light
Megan Barron,Pabst Blue Ribbon
Mekhi Murray,Bravus
Mekhi Murray,Icehouse
Mekhi Murray,Leinenkugels
Mekhi Murray,Dogfish Head
Melina Chaney,Icehouse
Melissa Stokes,Busch
Melissa Stokes,Elysian
Melissa Stokes,Dos Equis
Melissa Stokes,Blue Moon
Mercedes Thompson,Old Style
Mercedes Thompson,Coors Light
Mercedes Thompson,Natural Light
Meredith Glenn,Lagunitas
Meredith Glenn,Budweiser
Messiah Daniels,Stone Brewing Co.
Messiah Daniels,Busch
Messiah Daniels,Schlitz
Mia Kramer,Old Style
Mia Kramer,Dos Equis
Miah Rosales,Corona
Micah Atkinson,Brooklyn Brewery
Micah Atkinson,Dogfish Head
Micah Mccormick,Dos Equis
Micah Mccormick,Blue Moon
Mike Ortega,Coors Light
Milagros Montoya,New Belgium
Milagros Montoya,Ballast Point
Milagros Montoya,River Horse
Milo Harper,River Horse
Milo Harper,Stella Artois
Milo Harper,Steel Reserve
Milo Harper,Dos Equis
Mira Jacobson,Elysian
Miranda Robinson,River Horse
Miranda Robinson,Michelob Ultra
Miranda Robinson,Goose Island
Miranda Robinson,Schlitz
Mireya Stuart,Ballast Point
Mireya Stuart,Delirium
Mireya Stuart,Bud Light
Mireya Stuart,Natural Light
Mohammad Estes,Sierra Nevada
Mohammad Estes,Leinenkugels
Mohammad Estes,Goose Island
Mohammed Stewart,Heineken
Mohammed Stewart,Coors Light
Moises Webster,Natural Light
Moises Webster,Old Style
Moises Webster,Guinness
Molly Schmitt,Tree House
Molly Schmitt,Delirium
Monique Pittman,River Horse
Monique Pittman,Leinenkugels
Monique Pittman,Dogfish Head
Monique Pittman,Heineken
Monserrat Benton,New Belgium
Monserrat Benton,Coors Light
Morgan Noble,Stone Brewing Co.
Morgan Noble,River Horse
Morgan Noble,Delirium
Mya Delgado,Guinness
Mya Delgado,Keystone Light
Mya Delgado,Leinenkugels
Myla Lam,Heineken
Myla Lam,Natural Light
Myla Lam,Schlitz
Myles Johns,Lagunitas
Myles Johns,Busch
Myles Johns,Sierra Nevada
Myles Johns,Landshark
Mylie Waters,Old Milwaukee
Nancy Sheppard,River Horse
Natalya Hart,Guinness
Natasha Salas,Ballast Point
Natasha Salas,Dogfish Head
Natasha Salas,Budweiser
Natasha Salas,Pabst Blue Ribbon
Nathalia Burton,Schlitz
Nathalie Bennett,Landshark
Nathalie Bennett,Leinenkugels
Nathan Fields,Pabst Blue Ribbon
Nathan Fields,Corona
Nathan Fields,Keystone Light
Nathanial Hernandez,Natural Light
Nathanial Hernandez,Lagunitas
Nathanial Hernandez,Delirium
Nathen Nunez,Sierra Nevada
Nathen Nunez,Leinenkugels
Nathen Nunez,Tree House
Nayeli Santana,Michelob Ultra
Nayeli Santana,Michelob Ultra
Nayeli Santana,Dogfish Head
Nayeli Santana,Old Milwaukee
Nelson Whitehead,Modelo Especial
Nelson Whitehead,Sierra Nevada
Nelson Whitehead,Bravus
Nevaeh Sellers,Tree House
Nevaeh Sellers,Dos Equis
Nevaeh Sellers,Elysian
Nevaeh Sellers,Dos Equis
Neveah Banks,Blue Moon
Neveah Banks,Victory
Neveah Banks,Heineken
Neveah Banks,Old Style
Nicholas Wilkins,Modelo Especial
Nicholas Wilkins,Lagunitas
Nicholas Wilkins,Elysian
Nickolas Hays,Bud Light
Nickolas Hays,Corona
Nickolas Hays,Delirium
Nico Valencia,Busch
Nico Valencia,Hamm's
Nico Valencia,Keystone Light
Nico Valencia,Tree House
Nicole Kaiser,Corona
Nikhil Mora,Busch
Niko Chavez,Sierra Nevada
Niko Chavez,Coors Light
Niko Chavez,Modelo Especial
Nikolai Hoffman,Firestone Walker
Nikolai Hoffman,Bud Light
Noe Harrell,Old Milwaukee
Nola Warren,Steel Reserve
Nora Wolfe,Heineken
Odin York,Budweiser
Odin York,Old Style
Odin York,Hamm's
Odin York,Blue Moon
Oliver Crosby,Natural Light
Oliver Crosby,Icehouse
Oliver Crosby,Budweiser
Oliver Crosby,Yuengling Lager
Omari Wagner,Firestone Walker
Omari Wagner,Leinenkugels
Omari Wagner,Modelo Especial
Orlando Lambert,Keystone Light
Owen Villegas,Coors Light
Owen Villegas,Stone Brewing Co.
Owen Villegas,Steel Reserve
Pablo Castro,Miller Lite
Paige Terry,Bud Light
Paige Terry,Tree House
Paige Terry,Michelob Ultra
Paige Terry,Coors Light
Paola Fox,Lagunitas
Paola Fox,Guinness
Paris Jacobs,Coors Light
Paris Jacobs,Michelob Ultra
Paris Jacobs,Dos Equis
Patricia Cook,Firestone Walker
Patricia Cook,Landshark
Patricia Cook,Pabst Blue Ribbon
Paula Lamb,Blue Moon
Paula Lamb,Blue Moon
Paula Lamb,Guinness
Pedro Perez,Tree House
Pedro Perez,Dos Equis
Perla Alvarez,Modelo Especial
Perla Alvarez,Leinenkugels
Perla Alvarez,Corona
Perla Alvarez,Keystone Light
Philip Garza,Keystone Light
Philip Garza,Old Style
Philip Garza,Firestone Walker
Philip Garza,Pabst Blue Ribbon
Phillip Wilson,Stella Artois
Phillip Wilson,Natural Light
Phoebe Patton,Bravus
Phoebe Patton,Goose Island
Phoebe Patton,Heineken
Phoenix Krause,New Belgium
Pierre Morgan,Sierra Nevada
Pierre Morgan,Steel Reserve
Porter Moreno,Ballast Point
Porter Moreno,Landshark
Precious Juarez,Dos Equis
Precious Juarez,Sierra Nevada
Precious Juarez,Blue Moon
Precious Juarez,Dos Equis
Preston Livingston,Schlitz
Preston Livingston,New Belgium
Preston Livingston,Bud Light
Preston Livingston,Firestone Walker
Prince Lang,Natural Light
Prince Lang,Bravus
Prince Lang,Coors Light
Priscilla Haynes,Natural Light
Quentin Bradley,Heineken
Quentin Bradley,Old Style
Quentin Bradley,Stella Artois
Quincy Gay,Old Style
Quinten Michael,Blue Moon
Quinton Hendricks,Bravus
Quinton Hendricks,Modelo Especial
Quinton Hendricks,Natural Light
Quinton Hendricks,Victory
Raegan Allison,Michelob Ultra
Raegan Allison,Miller Lite
Raegan Allison,Coors Light
Raelynn Lawson,Budweiser
Rafael Floyd,Victory
Rafael Floyd,New Belgium
Rafael Floyd,Firestone Walker
Rafael Floyd,Landshark
Raiden Delacruz,Leinenkugels
Raiden Delacruz,Bravus
Raiden Delacruz,Brooklyn Brewery
Raiden Delacruz,Yuengling Lager
Raina Solomon,Natural Light
Ramon Gibson,Firestone Walker
Ramon Gibson,Miller Lite
Raphael Wong,Tree House
Raphael Wong,Stone Brewing Co.
Raphael Wong,Victory
Raquel Burns,New Belgium
Raquel Burns,Brooklyn Brewery
Raquel Burns,New Belgium
Raul Moon,Natural Light
Raven Roman,Coors Light
Raven Roman,Stella Artois
Rayne Bowman,Old Milwaukee
Reagan Bradshaw,Miller Lite
Reagan Bradshaw,Dos Equis
Reagan Long,Miller Lite
Reagan Long,Schlitz
Reagan Long,Keystone Light
Rebecca Jenkins,Busch
Reece Walsh,New Belgium
Reece Walsh,Tree House
Reed Campbell,Victory
Reed Campbell,Elysian
Reed Campbell,Michelob Ultra
Reese Holder,Delirium
Reese Holder,New Belgium
Reese Holder,New Belgium
Reese Holder,Modelo Especial
Regan Velasquez,Stone Brewing Co.
Regan Velasquez,Yuengling Lager
Regan Velasquez,New Belgium
Reid Lozano,Pabst Blue Ribbon
Remington Page,Michelob Ultra
Remington Page,Pabst Blue Ribbon
Remington Page,Landshark
Remington Page,Stone Brewing Co.
Renee Wright,Brooklyn Brewery
Renee Wright,Schlitz
Renee Wright,Schlitz
Renee Wright,Stella Artois
Rhett Faulkner,Brooklyn Brewery
Rhianna Riggs,Dos Equis
Rhianna Riggs,Busch
Rhianna Riggs,Icehouse
Rhys Clark,Tree House
Riley Gill,Miller Lite
River Higgins,Hamm's
River Higgins,Old Milwaukee
River Higgins,Lagunitas
River Higgins,Natural Light
Roberto Drake,Bud Light
Roberto Drake,Landshark
Rocco Silva,Lagunitas
Rodney Kemp,Firestone Walker
Roger Kim,Tree House
Roger Kim,Old Milwaukee
Rolando Norris,Victory
Rolando Norris,Guinness
Rolando Norris,Keystone Light
Rolando Norris,Dos Equis
Romeo Charles,Stone Brewing Co.
Romeo Charles,Heineken
Romeo Charles,Bud Light
Romeo Charles,Dogfish Head
Ronald Miles,Michelob Ultra
Rose Mahoney,Elysian
Rose Mahoney,Firestone Walker
Rose Mahoney,Victory
Rose Mahoney,Leinenkugels
Rowan Mckenzie,Firestone Walker
Rowan Mckenzie,Dos Equis
Rowan Mckenzie,Goose Island
Rowan Mckenzie,Stella Artois
Rubi Paul,Sierra Nevada
Rubi Paul,Dos Equis
Rubi Paul,Yuengling Lager
Russell Mcdaniel,Victory
Ryan Diaz,Stella Artois
Ryan Diaz,Schlitz
Rylan Deleon,Dos Equis
Rylan Deleon,Natural Light
Rylan Deleon,Dos Equis
Rylan Deleon,Heineken
Ryleigh Davies,Icehouse
Ryleigh Davies,Busch
Sabrina Irwin,Keystone Light
Sabrina Irwin,Modelo Especial
Sabrina Irwin,Tree House
Sage Bryan,Landshark
Sage Bryan,Bud Light
Sage Ponce,Lagunitas
Samantha Larsen,Sierra Nevada
Samantha Larsen,Natural Light
Samantha Larsen,Busch
Samantha Larsen,Michelob Ultra
Samir Holloway,Heineken
Samir Holloway,Dos Equis
Samir Holloway,Lagunitas
Samir Holloway,Lagunitas
Sammy Caldwell,Delirium
Sammy Caldwell,Old Milwaukee
Samuel Mcclure,New Belgium
Samuel Mcclure,Budweiser
Samuel Mcclure,New Belgium
Saniya Conway,Brooklyn Brewery
Saniya Conway,Budweiser
Saniya Conway,Firestone Walker
Saniya Conway,Corona
Saniyah Brown,Dos Equis
Santiago Humphrey,Michelob Ultra
Santiago Humphrey,River Horse
Sara Bartlett,Natural Light
Sara Bartlett,New Belgium
Sarah Huff,Firestone Walker
Sarahi Ford,Dos Equis
Sarahi Ford,Natural Light
Sarahi Ford,Victory
Sariah Vaughn,Elysian
Sasha Malone,Hamm's
Sasha Malone,Elysian
Sasha Malone,Brooklyn Brewery
Savanna Ballard,Ballast Point
Savanna Ballard,Keystone Light
Savanna Ballard,Dos Equis
Savanna Ballard,Pabst Blue Ribbon
Savannah Stafford,Leinenkugels
Scarlet Dunlap,Delirium
Scott Wilkinson,Coors Light
Scott Wilkinson,Delirium
Seamus Winters,Bud Light
Seamus Winters,Icehouse
Sebastian Fisher,Stone Brewing Co.
Selena Pugh,Brooklyn Brewery
Sergio Nielsen,Steel Reserve
Sergio Nielsen,Brooklyn Brewery
Sergio Nielsen,New Belgium
Shamar Mcclain,Dogfish Head
Shamar Mcclain,Bravus
Shamar Mcclain,Steel Reserve
Shamar Mcclain,River Horse
Shane Moss,Dos Equis
Shania Jennings,Stella Artois
Shania Jennings,Delirium
Shania Jennings,Brooklyn Brewery
Shania Jennings,Goose Island
Shannon Andrade,Victory
Sharon Rivera,Stone Brewing Co.
Sharon Rivera,Miller Lite
Sharon Rivera,Dogfish Head
Shawn Chapman,Stella Artois
Shayna Downs,Bud Light
Shelby Gregory,Landshark
Shelby Gregory,Old Milwaukee
Shelby Gregory,Brooklyn Brewery
Shiloh Tapia,River Horse
Shiloh Tapia,Sierra Nevada
Siena Goodman,Hamm's
Siena Goodman,Steel Reserve
Simeon Stout,Stone Brewing Co.
Simon Hall,Blue Moon
Simon Hall,Dogfish Head
Skyla Glover,Stone Brewing Co.
Skylar Mccall,Old Style
Skylar Mccall,Miller Lite
Skyler Figueroa,Leinenkugels
Skyler Figueroa,Elysian
Skyler Figueroa,Schlitz
Skyler Figueroa,Brooklyn Brewery
Sloane Mcgee,Victory
Sofia Lutz,Stella Artois
Sofia Lutz,Corona
Sofia Lutz,Stone Brewing Co.
Sofia Lutz,Coors Light
Sonny Allen,Bravus
Sonny Allen,Tree House
Sonny Allen,Modelo Especial
Stacy Estrada,Modelo Especial
Stacy Estrada,Firestone Walker
Stacy Estrada,Icehouse
Stephen Baird,Corona
Stephen Baird,Busch
Stephen Baird,Blue Moon
Stephen Baird,Corona
Steven Santiago,Corona
Steven Santiago,Stella Artois
Steven Santiago,Natural Light
Sullivan Owen,Bud Light
Sullivan Owen,Blue Moon
Susan Mcneil,Leinenkugels
Susan Mcneil,Natural Light
Sydney Heath,Pabst Blue Ribbon
Sydney Heath,Goose Island
Sydney Heath,Lagunitas
Tabitha Velez,Yuengling Lager
Taliyah Mayo,Modelo Especial
Taliyah Mayo,Delirium
Taliyah Mayo,Miller Lite
Taliyah Mayo,Lagunitas
Talon Wells,Leinenkugels
Talon Wells,Lagunitas
Terrance Pennington,Old Style
Terrance Pennington,Icehouse
Terrance Pennington,Steel Reserve
Terrance Pennington,Budweiser
Tess Shah,Ballast Point
Tess Shah,Natural Light
Tess Shah,Old Milwaukee
Tessa Sweeney,Budweiser
Tessa Sweeney,Schlitz
Tessa Sweeney,Icehouse
Tessa Sweeney,Natural Light
Thalia Cortez,Brooklyn Brewery
Thalia Cortez,Yuengling Lager
Thalia Cortez,Landshark
Thomas Peterson,Delirium
Thomas Peterson,Brooklyn Brewery
Thomas Peterson,New Belgium
Thomas Peterson,Bud Light
Tony Yang,New Belgium
Tony Yang,Steel Reserve
Tony Yang,Bud Light
Tony Yang,Goose Island
Trace Gallegos,Old Milwaukee
Trenton Hogan,Heineken
Trenton Hogan,Dos Equis
Trevin Hoover,Old Style
Trevin Hoover,Old Style
Trevin Hoover,Yuengling Lager
Trevin Hoover,Leinenkugels
Trinity Morrison,Yuengling Lager
Trinity Morrison,Lagunitas
Tripp Ray,Natural Light
Tristan Ayers,Michelob Ultra
Tristan Ayers,Modelo Especial
Tristian Riddle,Modelo Especial
Tristian Riddle,Ballast Point
Tristin Archer,Bud Light
Tristin Archer,Old Milwaukee
Tristin Archer,Old Style
Tucker Anderson,Michelob Ultra
Tyree Cabrera,Old Style
Tyree Cabrera,Modelo Especial
Tyree Cabrera,Steel Reserve
Tyrell Clarke,Hamm's
Tyrell Clarke,Coors Light
Tyrell Clarke,Miller Lite
Tyrell Clarke,Delirium
Tyrone Green,Coors Light
Tyrone Green,Lagunitas
Tyrone Green,Michelob Ultra
Tyson Rangel,Blue Moon
Tyson Rangel,Guinness
Tyson Rangel,Keystone Light
Ulises Padilla,Firestone Walker
Ulises Padilla,Hamm's
Ulises Padilla,Goose Island
Urijah Rocha,Heineken
Valentina Decker,Blue Moon
Valentino Moore,Hamm's
Valentino Moore,Corona
Valentino Moore,Bud Light
Valentino Moore,Elysian
Valerie Hartman,Dos Equis
Valerie Hartman,Dogfish Head
Valerie Hartman,Delirium
Van Sherman,Modelo Especial
Van Sherman,Victory
Vanessa Saunders,Stone Brewing Co.
Vanessa Saunders,Keystone Light
Vanessa Saunders,Elysian
Victor Walton,Pabst Blue Ribbon
Victor Walton,Corona
Victor Walton,Tree House
Victor Walton,Blue Moon
Vincent Santos,Budweiser
Vincent Santos,Landshark
Vincent Santos,Miller Lite
Vincent Santos,New Belgium
Wade Hood,Steel Reserve
Wade Hood,Heineken
Walter Cole,Busch
Walter Cole,Old Style
Walter Cole,Budweiser
Walter Cole,Ballast Point
Warren Serrano,River Horse
Warren Serrano,Dogfish Head
Warren Serrano,Natural Light
Warren Serrano,Budweiser
Waylon Foley,Leinenkugels
Waylon Foley,Sierra Nevada
Wendy Gordon,Michelob Ultra
Wendy Gordon,Leinenkugels
Wesley Keller,Pabst Blue Ribbon
Weston Vasquez,New Belgium
Weston Vasquez,Bud Light
Whitney Lyons,Steel Reserve
Whitney Lyons,Old Milwaukee
Whitney Lyons,New Belgium
Whitney Lyons,Modelo Especial
Ximena Elliott,Steel Reserve
Yadira Bruce,Bravus
Yadira Bruce,Yuengling Lager
Yadira Bruce,Busch
Yadira Bruce,Old Milwaukee
Yair Marks,Stone Brewing Co.
Yandel Haley,Victory
Yandel Haley,Heineken
Yasmine Marquez,Stella Artois
Yasmine Marquez,Tree House
Yazmin Navarro,Keystone Light
Yesenia Kidd,Firestone Walker
Yesenia Kidd,Hamm's
Yesenia Kidd,Delirium
Zachary Zhang,Steel Reserve
Zackery Rose,Dos Equis
Zackery Rose,Corona
Zaid Brady,Landshark
Zane Cuevas,Natural Light
Zavier Rios,Old Style
Zavier Rios,Modelo Especial
Zavier Rios,Brooklyn Brewery
Zayne Francis,Coors Light
Zayne Francis,Budweiser
Zion Novak,Keystone Light
Zion Thornton,Tree House
Zion Thornton,Yuengling Lager
Zion Thornton,Modelo Especial
Zion Thornton,Blue Moon
Zoe Greer,Coors Light
Zoie Gardner,Natural Light
